TxRxChannel,DDCDUCFrequency,AmpStabilityMean,AmpStabilityStdDev,AmpStabilityPkPk,PhaseStabilityMean,PhaseStabilityStdDev,PhaseStabilityPkPk,
0.000000000000000,200000000.000000000000000,-75.112310119777604,0.632752454505825,1.996408453682477,200000000.000000000000000,6.160070119543614,0.134238968130211,0.415744885429513
1.000000000000000,200000000.000000000000000,-75.661252216492926,0.352336860070435,1.199835324068161,200000000.000000000000000,6.165353947219470,0.132710961510383,0.351403755888009
