TxRxChannel,DDCDUCFrequency,AmpStabilityMean,AmpStabilityStdDev,AmpStabilityPkPk,PhaseStabilityMean,PhaseStabilityStdDev,PhaseStabilityPkPk,
0.000000000000000,450000000.000000000000000,-75.661727117670722,0.401992600523343,1.334702213830440,450000000.000000000000000,6.229076810555998,0.136922099721196,0.478959614060442
1.000000000000000,450000000.000000000000000,-75.025412520280255,0.547490208208835,1.781320211607223,450000000.000000000000000,6.137114317748307,0.082663135577402,0.278049511648663
