TxRxChannel,DDCDUCFrequency,AmpStabilityMean,AmpStabilityStdDev,AmpStabilityPkPk,PhaseStabilityMean,PhaseStabilityStdDev,PhaseStabilityPkPk,
0.000000000000000,1000000000.000000000000000,-75.282782980459501,0.742099932720965,2.064911289629094,1000000000.000000000000000,6.246108847690051,0.123942511044774,0.367727985311625
1.000000000000000,1000000000.000000000000000,-75.531212850444277,0.273692310136206,0.799963574568821,1000000000.000000000000000,6.183468829559265,0.113303893172138,0.339893495815176
