TxRxChannel,DDCDUCFrequency,AmpStabilityMean,AmpStabilityStdDev,AmpStabilityPkPk,PhaseStabilityMean,PhaseStabilityStdDev,PhaseStabilityPkPk,
0.000000000000000,750000000.000000000000000,-75.151891959165923,0.577944972179627,1.660871221567206,750000000.000000000000000,6.168370577157599,0.143674529610480,0.443980771956729
1.000000000000000,750000000.000000000000000,-74.957639104847658,0.567752893321569,2.123037675926298,750000000.000000000000000,6.178427403919554,0.153908277156699,0.517722722311676
