TxRxChannel,DDCDUCFrequency,AmpStabilityMean,AmpStabilityStdDev,AmpStabilityPkPk,PhaseStabilityMean,PhaseStabilityStdDev,PhaseStabilityPkPk,
0.000000000000000,250000000.000000000000000,-74.882658448981502,0.705120432521882,2.039808107621297,250000000.000000000000000,6.168435938485755,0.149966905520822,0.542762736990890
1.000000000000000,250000000.000000000000000,-75.124886063654955,0.600267790363137,2.050870186544671,250000000.000000000000000,6.149685755483846,0.150818531969731,0.438994186716176
