TxRxChannel,DDCDUCFrequency,AmpStabilityMean,AmpStabilityStdDev,AmpStabilityPkPk,PhaseStabilityMean,PhaseStabilityStdDev,PhaseStabilityPkPk,
0.000000000000000,650000000.000000000000000,-75.522387513677899,0.474356751247507,1.790835582695848,650000000.000000000000000,6.240873219399854,0.113769252311794,0.355752762204955
1.000000000000000,650000000.000000000000000,-75.195157370795286,0.458641695431714,1.509751592469001,650000000.000000000000000,6.235914988544133,0.119223464593052,0.352412571865395
