TxRxChannel,DDCDUCFrequency,AmpStabilityMean,AmpStabilityStdDev,AmpStabilityPkPk,PhaseStabilityMean,PhaseStabilityStdDev,PhaseStabilityPkPk,
0.000000000000000,100000000.000000000000000,-75.392750997253685,0.559175717825070,1.738142723086071,100000000.000000000000000,6.269765798226820,0.111540946316463,0.304268332606495
1.000000000000000,100000000.000000000000000,-75.165398558042710,0.421649638314322,1.467777625877446,100000000.000000000000000,6.166515186574163,0.073538101241066,0.262577052587973
