TxRxChannel,DDCDUCFrequency,AmpStabilityMean,AmpStabilityStdDev,AmpStabilityPkPk,PhaseStabilityMean,PhaseStabilityStdDev,PhaseStabilityPkPk,
0.000000000000000,500000000.000000000000000,-75.416110717069287,0.279893160764750,0.858574944787676,500000000.000000000000000,6.201936670817153,0.105269109489637,0.350130024666653
1.000000000000000,500000000.000000000000000,-74.876675560177432,0.471983365283463,1.319241320466105,500000000.000000000000000,6.107125646625766,0.072241146828593,0.246429325569624
