TxRxChannel,DDCDUCFrequency,AmpStabilityMean,AmpStabilityStdDev,AmpStabilityPkPk,PhaseStabilityMean,PhaseStabilityStdDev,PhaseStabilityPkPk,
0.000000000000000,850000000.000000000000000,-75.290341471951791,0.478857900673754,1.437408484009865,850000000.000000000000000,6.219685991850202,0.083114928568244,0.225838478861452
1.000000000000000,850000000.000000000000000,-75.267065979068761,0.641864277526375,2.048456934038214,850000000.000000000000000,6.215437433414022,0.111589194169900,0.364882729872578
