TxRxChannel,DDCDUCFrequency,AmpStabilityMean,AmpStabilityStdDev,AmpStabilityPkPk,PhaseStabilityMean,PhaseStabilityStdDev,PhaseStabilityPkPk,
0.000000000000000,150000000.000000000000000,-74.909830414297261,0.641638263995946,1.743931876848094,150000000.000000000000000,6.175065468592493,0.127497847536117,0.313683913676153
1.000000000000000,150000000.000000000000000,-75.409399366165914,0.372524898011469,1.069236854953559,150000000.000000000000000,6.153368060402673,0.145635812030274,0.423795425098350
