TxRxChannel,DDCDUCFrequency,AmpStabilityMean,AmpStabilityStdDev,AmpStabilityPkPk,PhaseStabilityMean,PhaseStabilityStdDev,PhaseStabilityPkPk,
0.000000000000000,900000000.000000000000000,-75.129599035942348,0.922876635728706,2.957184286383978,900000000.000000000000000,6.243978643222454,0.215231576131879,0.820637782396336
1.000000000000000,900000000.000000000000000,-74.658260369897164,0.797004619055371,2.418100330939765,900000000.000000000000000,6.103933483424907,0.067073194561224,0.224860823626247
