TxRxChannel,DDCDUCFrequency,AmpStabilityMean,AmpStabilityStdDev,AmpStabilityPkPk,PhaseStabilityMean,PhaseStabilityStdDev,PhaseStabilityPkPk,
0.000000000000000,50000000.000000000000000,-75.360262932858149,0.498240717024268,1.541190866788668,50000000.000000000000000,6.225447368433225,0.084653500154793,0.243575276394674
1.000000000000000,50000000.000000000000000,-74.921151475299581,0.237579299466739,0.701209770738487,50000000.000000000000000,6.196853870115469,0.082504101644309,0.247279715974294
