TxRxChannel,DDCDUCFrequency,AmpStabilityMean,AmpStabilityStdDev,AmpStabilityPkPk,PhaseStabilityMean,PhaseStabilityStdDev,PhaseStabilityPkPk,
0.000000000000000,350000000.000000000000000,-75.323183237216853,0.683898228746324,1.950166173385171,350000000.000000000000000,6.237426774153048,0.152989072179542,0.434787794938305
1.000000000000000,350000000.000000000000000,-74.887658899769519,0.549493062950750,1.616691041461436,350000000.000000000000000,6.221395007123856,0.051346729173209,0.164196956531678
