TxRxChannel,DDCDUCFrequency,AmpStabilityMean,AmpStabilityStdDev,AmpStabilityPkPk,PhaseStabilityMean,PhaseStabilityStdDev,PhaseStabilityPkPk,
0.000000000000000,550000000.000000000000000,-75.612562221672903,0.564865825873574,2.087192865055528,550000000.000000000000000,6.225531600900188,0.101840016472737,0.302602282138773
1.000000000000000,550000000.000000000000000,-74.817628449233780,0.888292889826630,2.841255955844147,550000000.000000000000000,6.142912348967839,0.195082679986936,0.562637235955983
