TxRxChannel,DDCDUCFrequency,AmpStabilityMean,AmpStabilityStdDev,AmpStabilityPkPk,PhaseStabilityMean,PhaseStabilityStdDev,PhaseStabilityPkPk,
0.000000000000000,300000000.000000000000000,-75.094530334702284,0.425920127091623,1.255561170251923,300000000.000000000000000,6.222529994572747,0.111921337219225,0.352535954950877
1.000000000000000,300000000.000000000000000,-74.879396211245279,0.608078870398904,2.243386913788285,300000000.000000000000000,6.142369727876441,0.149515392063115,0.470195032886928
