TxRxChannel,DDCDUCFrequency,AmpStabilityMean,AmpStabilityStdDev,AmpStabilityPkPk,PhaseStabilityMean,PhaseStabilityStdDev,PhaseStabilityPkPk,
0.000000000000000,400000000.000000000000000,-75.508379431997000,0.556406142842671,1.760986738458215,400000000.000000000000000,6.265822480678284,0.127055262809050,0.398653182450680
1.000000000000000,400000000.000000000000000,-75.103713338111717,0.571623752511789,1.735655693689580,400000000.000000000000000,6.186803340350762,0.153647194735264,0.453991041574091
