TxRxChannel,DDCDUCFrequency,AmpStabilityMean,AmpStabilityStdDev,AmpStabilityPkPk,PhaseStabilityMean,PhaseStabilityStdDev,PhaseStabilityPkPk,
0.000000000000000,700000000.000000000000000,-75.647569067144374,0.214218395510475,0.653396676187313,700000000.000000000000000,6.157438093578415,0.077298067896468,0.289074367484728
1.000000000000000,700000000.000000000000000,-74.959357484726894,0.511619989571884,1.511083442458826,700000000.000000000000000,6.093024897947155,0.103054257895789,0.333947815500076
