TxRxChannel,DDCDUCFrequency,AmpStabilityMean,AmpStabilityStdDev,AmpStabilityPkPk,PhaseStabilityMean,PhaseStabilityStdDev,PhaseStabilityPkPk,
0.000000000000000,950000000.000000000000000,-74.795088765257432,0.435817200662349,1.302229692339182,950000000.000000000000000,6.141637441050294,0.127404741622418,0.330145204793164
1.000000000000000,950000000.000000000000000,-74.882642640041112,0.508870846388742,1.677158184127833,950000000.000000000000000,6.073990869499155,0.149504905801027,0.402276078672559
