TxRxChannel,DDCDUCFrequency,AmpStabilityMean,AmpStabilityStdDev,AmpStabilityPkPk,PhaseStabilityMean,PhaseStabilityStdDev,PhaseStabilityPkPk,
0.000000000000000,600000000.000000000000000,-75.577496997381075,0.478871876364603,1.691020532966874,600000000.000000000000000,6.253997158089944,0.106625838673823,0.341597619677624
1.000000000000000,600000000.000000000000000,-75.258813571158924,0.503796519978109,1.790033565431386,600000000.000000000000000,6.222196084207477,0.083305412670133,0.275260147952487
