TxRxChannel,DDCDUCFrequency,AmpStabilityMean,AmpStabilityStdDev,AmpStabilityPkPk,PhaseStabilityMean,PhaseStabilityStdDev,PhaseStabilityPkPk,
0.000000000000000,800000000.000000000000000,-75.256386909088505,0.507441665978105,1.649817340942761,800000000.000000000000000,6.227928286287151,0.141386605352994,0.419973393479323
1.000000000000000,800000000.000000000000000,-75.131101528359395,0.339702088948179,0.998924167112222,800000000.000000000000000,6.173070675285226,0.161732534205950,0.562061406398304
