TxRxChannel,DDCDUCFrequency,AmpStabilityMean,AmpStabilityStdDev,AmpStabilityPkPk,PhaseStabilityMean,PhaseStabilityStdDev,PhaseStabilityPkPk,
0.000000000000000,10000000.000000000000000,-75.375119475978337,0.596417953851570,1.716229612835576,10000000.000000000000000,6.199659674352294,0.119188220343601,0.436371235647041
1.000000000000000,10000000.000000000000000,-75.203187193544835,0.590121504203107,1.871775451318896,10000000.000000000000000,6.185433929388409,0.141832955353367,0.410772461228422
